flatness1,21.114,20.13,6.661
flatness2,21.116,70.129,6.681
flatness3,21.117,120.129,6.707
flatness4,21.116,170.13,6.737
flatness5,21.121,220.126,6.785
flatness6,21.123,270.127,6.855
flatness7,71.121,570.129,7.07
flatness8,71.117,520.129,7.045
flatness9,71.12,470.127,7.016
flatness10,71.117,420.129,6.982
flatness11,71.117,370.129,6.942
flatness12,71.109,320.131,6.897
flatness13,71.117,270.129,6.847
flatness14,71.117,220.129,6.792
flatness15,71.114,170.13,6.734
flatness16,71.109,120.131,6.677
flatness17,71.117,70.133,6.625
flatness18,71.12,20.126,6.587
flatness19,121.112,20.128,6.537
flatness20,121.118,70.128,6.587
flatness21,121.113,120.129,6.653
flatness22,121.122,170.125,6.714
flatness23,121.116,220.128,6.762
flatness24,121.116,270.129,6.797
flatness25,121.117,320.131,6.823
flatness26,121.118,370.129,6.839
flatness27,121.116,420.13,6.854
flatness28,121.119,470.129,6.868
flatness29,121.117,520.13,6.88
flatness30,121.12,570.128,6.895
flatness31,121.12,620.127,6.905
flatness32,121.116,670.129,6.913
flatness33,121.117,720.129,6.911
flatness34,171.116,870.129,6.76
flatness35,171.123,820.131,6.786
flatness36,171.112,770.129,6.797
flatness37,171.118,720.128,6.8
flatness38,171.121,670.13,6.8
flatness39,171.108,620.131,6.796
flatness40,171.111,570.128,6.79
flatness41,171.121,520.126,6.781
flatness42,171.114,470.129,6.772
flatness43,171.116,420.129,6.766
flatness44,171.111,370.131,6.757
flatness45,171.124,320.127,6.752
flatness46,171.112,270.133,6.741
flatness47,171.123,220.125,6.722
flatness48,171.125,170.127,6.69
flatness49,171.119,120.126,6.639
flatness50,171.119,70.134,6.573
flatness51,171.114,20.121,6.517
flatness52,221.11,20.129,6.499
flatness53,221.12,70.12,6.553
flatness54,221.122,120.122,6.611
flatness55,221.119,170.128,6.65
flatness56,221.118,220.126,6.67
flatness57,221.117,270.128,6.682
flatness58,221.12,320.129,6.689
flatness59,221.117,370.129,6.695
flatness60,221.119,420.128,6.705
flatness61,221.117,470.129,6.716
flatness62,221.116,520.129,6.728
flatness63,221.119,570.127,6.735
flatness64,221.117,620.129,6.739
flatness65,221.117,670.129,6.738
flatness66,221.117,720.13,6.735
flatness67,221.12,770.128,6.736
flatness68,221.116,820.129,6.731
flatness69,221.116,870.129,6.722
flatness70,221.118,920.128,6.703
flatness71,221.118,970.129,6.672
flatness72,221.117,1020.128,6.636
flatness73,271.116,1120.129,6.551
flatness74,271.116,1070.128,6.577
flatness75,271.118,1020.13,6.616
flatness76,271.115,970.135,6.653
flatness77,271.114,920.129,6.676
flatness78,271.113,870.136,6.688
flatness79,271.124,820.127,6.691
flatness80,271.114,770.132,6.699
flatness81,271.111,720.131,6.697
flatness82,271.118,670.128,6.701
flatness83,271.113,620.132,6.705
flatness84,271.111,570.13,6.705
flatness85,271.109,520.133,6.698
flatness86,271.124,470.126,6.683
flatness87,271.121,420.132,6.669
flatness88,271.118,370.128,6.654
flatness89,271.123,320.126,6.644
flatness90,271.109,270.132,6.639
flatness91,271.116,220.131,6.632
flatness92,271.121,170.13,6.617
flatness93,271.12,120.127,6.585
flatness94,271.114,70.128,6.535
flatness95,271.12,20.125,6.483
flatness96,321.114,20.131,6.482
flatness97,321.12,70.129,6.526
flatness98,321.113,120.13,6.57
flatness99,321.117,170.129,6.597
flatness100,321.121,220.129,6.61
flatness101,321.119,270.129,6.618
flatness102,321.114,320.131,6.626
flatness103,321.111,370.129,6.638
flatness104,321.114,420.13,6.656
flatness105,321.123,470.127,6.672
flatness106,321.117,520.129,6.684
flatness107,321.117,570.129,6.694
flatness108,321.119,620.126,6.693
flatness109,321.119,670.128,6.691
flatness110,321.121,720.128,6.683
flatness111,321.114,770.129,6.677
flatness112,321.119,820.129,6.673
flatness113,321.119,870.128,6.668
flatness114,321.117,920.129,6.656
flatness115,321.115,970.13,6.635
flatness116,321.119,1020.13,6.597
flatness117,321.118,1070.128,6.554
flatness118,321.117,1120.129,6.516
flatness119,321.115,1170.131,6.492
flatness120,371.115,1170.126,6.487
flatness121,371.117,1120.128,6.5
flatness122,371.117,1070.13,6.541
flatness123,371.118,1020.128,6.586
flatness124,371.116,970.129,6.624
flatness125,371.117,920.129,6.645
flatness126,371.112,870.136,6.657
flatness127,371.116,820.129,6.665
flatness128,371.109,770.132,6.673
flatness129,371.119,720.128,6.681
flatness130,371.111,670.129,6.689
flatness131,371.117,620.129,6.693
flatness132,371.116,570.129,6.694
flatness133,371.123,520.125,6.685
flatness134,371.117,470.129,6.674
flatness135,371.11,420.132,6.657
flatness136,371.121,370.131,6.639
flatness137,371.117,320.128,6.623
flatness138,371.11,270.13,6.613
flatness139,371.111,220.129,6.601
flatness140,371.12,170.131,6.586
flatness141,371.12,120.129,6.561
flatness142,371.116,70.129,6.522
flatness143,371.112,20.133,6.484
flatness144,421.118,20.128,6.48
flatness145,421.115,70.129,6.511
flatness146,421.117,120.129,6.547
flatness147,421.124,170.126,6.571
flatness148,421.121,220.125,6.587
flatness149,421.117,270.13,6.6
flatness150,421.116,320.13,6.614
flatness151,421.113,370.132,6.63
flatness152,421.112,420.132,6.647
flatness153,421.119,470.129,6.664
flatness154,421.119,520.129,6.676
flatness155,421.117,570.13,6.684
flatness156,421.112,620.134,6.683
flatness157,421.115,670.131,6.678
flatness158,421.114,720.132,6.668
flatness159,421.116,770.129,6.659
flatness160,421.113,820.129,6.65
flatness161,421.121,870.126,6.641
flatness162,421.119,920.128,6.628
flatness163,421.119,970.127,6.604
flatness164,421.119,1020.13,6.566
flatness165,421.118,1070.128,6.522
flatness166,421.117,1120.129,6.481
flatness167,421.117,1170.129,6.452
flatness168,471.112,1120.126,6.49
flatness169,471.119,1070.129,6.529
flatness170,471.118,1020.128,6.573
flatness171,471.119,970.127,6.609
flatness172,471.116,920.128,6.632
flatness173,471.116,870.13,6.646
flatness174,471.111,820.128,6.653
flatness175,471.116,770.129,6.666
flatness176,471.115,720.13,6.676
flatness177,471.122,670.13,6.687
flatness178,471.113,620.132,6.695
flatness179,471.117,570.129,6.696
flatness180,471.115,520.129,6.69
flatness181,471.117,470.13,6.677
flatness182,471.117,420.128,6.661
flatness183,471.112,370.13,6.642
flatness184,471.117,320.129,6.625
flatness185,471.117,270.129,6.61
flatness186,471.117,220.129,6.596
flatness187,471.114,170.132,6.579
flatness188,471.117,120.128,6.555
flatness189,471.111,70.131,6.521
flatness190,471.117,20.129,6.493
flatness191,521.12,20.133,6.486
flatness192,521.115,70.131,6.512
flatness193,521.123,120.128,6.547
flatness194,521.117,170.128,6.573
flatness195,521.125,220.127,6.591
flatness196,521.117,270.13,6.606
flatness197,521.123,320.128,6.622
flatness198,521.11,370.132,6.639
flatness199,521.115,420.126,6.662
flatness200,521.116,470.132,6.682
flatness201,521.124,520.128,6.695
flatness202,521.114,570.128,6.704
flatness203,521.121,620.124,6.703
flatness204,521.123,670.128,6.696
flatness205,521.117,720.129,6.682
flatness206,521.117,770.13,6.666
flatness207,521.122,820.128,6.654
flatness208,521.11,870.132,6.648
flatness209,521.12,920.13,6.634
flatness210,521.129,970.125,6.613
flatness211,521.116,1020.13,6.579
flatness212,521.112,1070.13,6.541
flatness213,521.115,1120.129,6.507
flatness214,571.12,1070.127,6.564
flatness215,571.116,1020.131,6.596
flatness216,571.116,970.128,6.625
flatness217,571.116,920.129,6.643
flatness218,571.109,870.132,6.655
flatness219,571.12,820.128,6.664
flatness220,571.12,770.126,6.678
flatness221,571.123,720.128,6.694
flatness222,571.116,670.129,6.709
flatness223,571.116,620.126,6.718
flatness224,571.119,570.128,6.719
flatness225,571.122,520.128,6.71
flatness226,571.115,470.128,6.692
flatness227,571.117,420.128,6.671
flatness228,571.117,370.129,6.645
flatness229,571.118,320.128,6.626
flatness230,571.113,270.129,6.609
flatness231,571.123,220.127,6.595
flatness232,571.117,170.129,6.575
flatness233,571.114,120.13,6.547
flatness234,571.118,70.129,6.513
flatness235,571.122,20.127,6.485
flatness236,621.124,20.129,6.479
flatness237,621.113,70.12,6.508
flatness238,621.116,120.129,6.544
flatness239,621.116,170.131,6.573
flatness240,621.117,220.13,6.592
flatness241,621.117,270.129,6.608
flatness242,621.122,320.126,6.626
flatness243,621.116,370.129,6.647
flatness244,621.116,420.129,6.671
flatness245,621.117,470.13,6.697
flatness246,621.116,520.129,6.717
flatness247,621.114,570.13,6.728
flatness248,621.116,620.129,6.726
flatness249,621.117,670.131,6.717
flatness250,621.116,720.129,6.701
flatness251,621.119,770.129,6.686
flatness252,621.116,820.128,6.671
flatness253,621.111,870.131,6.66
flatness254,621.117,920.129,6.65
flatness255,621.117,970.129,6.635
flatness256,621.119,1020.127,6.611
flatness257,671.117,1020.129,6.63
flatness258,671.118,970.128,6.652
flatness259,671.114,920.13,6.667
flatness260,671.119,870.127,6.677
flatness261,671.117,820.128,6.686
flatness262,671.111,770.131,6.7
flatness263,671.115,720.129,6.714
flatness264,671.126,670.128,6.729
flatness265,671.112,620.131,6.737
flatness266,671.116,570.128,6.74
flatness267,671.116,520.129,6.73
flatness268,671.118,470.128,6.708
flatness269,671.118,420.132,6.682
flatness270,671.117,370.129,6.656
flatness271,671.116,320.132,6.636
flatness272,671.116,270.129,6.618
flatness273,671.111,220.132,6.597
flatness274,671.111,170.133,6.576
flatness275,671.122,120.124,6.546
flatness276,671.116,70.13,6.508
flatness277,671.12,20.128,6.479
flatness278,721.116,20.128,6.471
flatness279,721.113,70.128,6.501
flatness280,721.115,120.13,6.54
flatness281,721.125,170.127,6.574
flatness282,721.117,220.13,6.599
flatness283,721.113,270.129,6.62
flatness284,721.12,320.128,6.637
flatness285,721.116,370.13,6.658
flatness286,721.116,420.128,6.681
flatness287,721.114,470.13,6.702
flatness288,721.115,520.13,6.722
flatness289,721.116,570.127,6.73
flatness290,721.116,620.128,6.727
flatness291,721.116,670.13,6.72
flatness292,721.115,720.13,6.712
flatness293,721.122,770.125,6.702
flatness294,721.12,820.126,6.692
flatness295,721.125,870.127,6.684
flatness296,721.117,920.129,6.67
flatness297,721.193,970.095,6.612
flatness298,771.121,970.132,6.636
flatness299,771.117,920.128,6.664
flatness300,771.124,870.124,6.682
flatness301,771.121,820.126,6.69
flatness302,771.121,770.129,6.696
flatness303,771.117,720.129,6.701
flatness304,771.125,670.127,6.707
flatness305,771.127,620.125,6.71
flatness306,771.111,570.132,6.71
flatness307,771.118,520.128,6.702
flatness308,771.117,470.129,6.688
flatness309,771.117,420.128,6.672
flatness310,771.125,370.124,6.653
flatness311,771.107,320.125,6.638
flatness312,771.111,270.131,6.621
flatness313,771.124,220.126,6.601
flatness314,771.114,170.126,6.573
flatness315,771.113,120.129,6.536
flatness316,771.112,70.133,6.494
flatness317,771.116,20.128,6.462
flatness318,821.114,20.129,6.454
flatness319,821.111,70.133,6.486
flatness320,821.124,120.126,6.528
flatness321,821.124,170.127,6.57
flatness322,821.115,220.129,6.599
flatness323,821.112,270.129,6.619
flatness324,821.118,320.129,6.633
flatness325,821.121,370.128,6.645
flatness326,821.114,420.128,6.658
flatness327,821.117,470.129,6.674
flatness328,821.119,520.129,6.686
flatness329,821.114,570.126,6.695
flatness330,821.117,620.129,6.695
flatness331,821.117,670.129,6.691
flatness332,821.116,720.13,6.688
flatness333,821.116,770.128,6.686
flatness334,821.123,820.127,6.682
flatness335,821.11,870.131,6.673
flatness336,821.113,920.129,6.654
flatness337,871.121,920.127,6.655
flatness338,871.115,870.131,6.678
flatness339,871.112,820.129,6.687
flatness340,871.127,770.126,6.69
flatness341,871.119,720.127,6.69
flatness342,871.115,670.13,6.692
flatness343,871.118,620.128,6.694
flatness344,871.118,570.128,6.695
flatness345,871.119,520.128,6.687
flatness346,871.116,470.129,6.675
flatness347,871.117,420.129,6.66
flatness348,871.116,370.129,6.648
flatness349,871.122,320.133,6.637
flatness350,871.123,270.129,6.624
flatness351,871.122,220.127,6.605
flatness352,871.119,170.127,6.575
flatness353,871.113,120.126,6.534
flatness354,871.123,70.126,6.492
flatness355,871.126,20.125,6.46
flatness356,921.114,20.129,6.456
flatness357,921.124,70.125,6.487
flatness358,921.114,120.13,6.529
flatness359,921.117,170.129,6.569
flatness360,921.119,220.127,6.603
flatness361,921.117,270.129,6.624
flatness362,921.118,320.128,6.635
flatness363,921.115,370.13,6.645
flatness364,921.116,420.13,6.657
flatness365,921.117,470.129,6.67
flatness366,921.122,520.126,6.679
flatness367,921.111,570.127,6.687
flatness368,921.122,620.127,6.687
flatness369,921.117,670.128,6.685
flatness370,921.117,720.129,6.684
flatness371,921.122,770.126,6.684
flatness372,921.117,820.129,6.681
flatness373,921.119,870.13,6.671
flatness374,971.121,820.126,6.673
flatness375,971.12,770.127,6.679
flatness376,971.118,720.132,6.68
flatness377,971.126,670.127,6.68
flatness378,971.117,620.129,6.681
flatness379,971.12,570.128,6.679
flatness380,971.118,520.128,6.671
flatness381,971.117,470.13,6.662
flatness382,971.125,420.126,6.652
flatness383,971.116,370.129,6.641
flatness384,971.113,320.13,6.633
flatness385,971.117,270.129,6.622
flatness386,971.124,220.124,6.6
flatness387,971.111,170.133,6.565
flatness388,971.118,120.129,6.524
flatness389,971.114,70.131,6.482
flatness390,971.117,20.128,6.45
flatness391,1021.12,20.123,6.455
flatness392,1021.114,70.129,6.487
flatness393,1021.113,120.13,6.53
flatness394,1021.112,170.13,6.572
flatness395,1021.115,220.131,6.608
flatness396,1021.113,270.13,6.63
flatness397,1021.117,320.129,6.64
flatness398,1021.117,370.129,6.649
flatness399,1021.119,420.13,6.655
flatness400,1021.124,470.124,6.663
flatness401,1021.117,520.128,6.671
flatness402,1021.117,570.128,6.677
flatness403,1021.113,620.129,6.681
flatness404,1021.125,670.126,6.682
flatness405,1021.119,720.133,6.684
flatness406,1021.116,770.128,6.682
flatness407,1021.117,820.129,6.673
flatness408,1071.121,770.125,6.684
flatness409,1071.117,720.129,6.682
flatness410,1071.11,670.128,6.677
flatness411,1071.117,620.129,6.674
flatness412,1071.116,570.129,6.67
flatness413,1071.117,520.129,6.663
flatness414,1071.116,470.129,6.656
flatness415,1071.117,420.129,6.65
flatness416,1071.116,370.128,6.647
flatness417,1071.117,320.129,6.638
flatness418,1071.116,270.129,6.626
flatness419,1071.117,220.127,6.604
flatness420,1071.115,170.128,6.567
flatness421,1071.112,120.131,6.525
flatness422,1071.118,70.129,6.483
flatness423,1071.118,20.127,6.45
flatness424,1121.123,20.126,6.46
flatness425,1121.12,70.128,6.491
flatness426,1121.117,120.129,6.533
flatness427,1121.116,170.131,6.575
flatness428,1121.113,220.128,6.611
flatness429,1121.117,270.129,6.634
flatness430,1121.117,320.129,6.649
flatness431,1121.119,370.127,6.654
flatness432,1121.113,420.13,6.655
flatness433,1121.123,470.128,6.66
flatness434,1121.116,520.128,6.665
flatness435,1121.12,570.128,6.672
flatness436,1121.119,620.128,6.677
flatness437,1121.111,670.133,6.686
flatness438,1121.118,720.128,6.694
flatness439,1121.117,770.129,6.697
flatness440,1171.117,720.129,6.714
flatness441,1171.112,670.129,6.7
flatness442,1171.114,620.131,6.687
flatness443,1171.113,570.135,6.678
flatness444,1171.111,520.132,6.67
flatness445,1171.117,470.129,6.665
flatness446,1171.117,420.129,6.66
flatness447,1171.116,370.127,6.659
flatness448,1171.118,320.129,6.654
flatness449,1171.111,270.131,6.635
flatness450,1171.117,220.129,6.61
flatness451,1171.118,170.129,6.573
flatness452,1171.117,120.13,6.528
flatness453,1171.116,70.126,6.487
flatness454,1171.119,20.131,6.457
flatness455,1221.116,20.127,6.456
flatness456,1221.114,70.123,6.483
flatness457,1221.124,120.13,6.522
flatness458,1221.111,170.131,6.565
flatness459,1221.124,220.126,6.602
flatness460,1221.117,270.129,6.63
flatness461,1221.123,320.128,6.646
flatness462,1221.117,370.129,6.652
flatness463,1221.116,420.129,6.65
flatness464,1221.124,470.124,6.65
flatness465,1221.121,520.128,6.652
flatness466,1221.116,570.13,6.661
flatness467,1221.117,620.128,6.671
flatness468,1221.118,670.129,6.688
flatness469,1221.115,720.126,6.705
flatness470,1271.117,670.129,6.727
flatness471,1271.12,620.127,6.709
flatness472,1271.118,570.131,6.692
flatness473,1271.112,520.128,6.682
flatness474,1271.117,470.13,6.68
flatness475,1271.111,420.133,6.679
flatness476,1271.118,370.129,6.679
flatness477,1271.117,320.129,6.67
flatness478,1271.124,270.127,6.651
flatness479,1271.123,220.128,6.619
flatness480,1271.112,170.13,6.574
flatness481,1271.118,120.127,6.527
flatness482,1271.124,70.136,6.484
flatness483,1271.126,20.127,6.454
flatness484,1321.124,20.132,6.437
flatness485,1321.12,70.132,6.465
flatness486,1321.117,120.129,6.506
flatness487,1321.11,170.131,6.555
flatness488,1321.123,220.125,6.6
flatness489,1321.113,270.13,6.632
flatness490,1321.117,320.129,6.651
flatness491,1321.118,370.128,6.656
flatness492,1321.118,420.129,6.655
flatness493,1321.117,470.129,6.656
flatness494,1321.12,520.129,6.659
flatness495,1321.116,570.129,6.672
flatness496,1321.117,620.129,6.693
flatness497,1371.118,620.128,6.742
flatness498,1371.116,570.129,6.714
flatness499,1371.11,520.13,6.696
flatness500,1371.123,470.126,6.688
flatness501,1371.122,420.126,6.684
flatness502,1371.122,370.128,6.684
flatness503,1371.118,320.128,6.676
flatness504,1371.114,270.131,6.654
flatness505,1371.119,220.131,6.62
flatness506,1371.11,170.132,6.57
flatness507,1371.108,120.129,6.516
flatness508,1371.12,70.124,6.471
flatness509,1371.122,20.124,6.442
flatness510,1421.117,20.128,6.418
flatness511,1421.11,70.124,6.449
flatness512,1421.116,120.129,6.489
flatness513,1421.123,170.131,6.539
flatness514,1421.114,220.13,6.583
flatness515,1421.116,270.129,6.613
flatness516,1421.113,320.129,6.633
flatness517,1421.117,370.128,6.639
flatness518,1421.117,420.129,6.64
flatness519,1421.116,470.129,6.647
flatness520,1421.117,520.129,6.66
flatness521,1421.118,570.129,6.685
flatness522,1471.117,570.129,6.747
flatness523,1471.117,520.129,6.715
flatness524,1471.12,470.127,6.694
flatness525,1471.125,420.127,6.683
flatness526,1471.118,370.128,6.681
flatness527,1471.121,320.132,6.674
flatness528,1471.118,270.129,6.653
flatness529,1471.118,220.122,6.621
flatness530,1471.112,170.133,6.576
flatness531,1471.121,120.123,6.526
flatness532,1471.11,70.133,6.48
flatness533,1471.118,20.128,6.449
flatness534,1471.117,-29.872,6.419
flatness535,1471.121,-79.87,6.388
flatness536,1521.116,-79.867,6.398
flatness537,1521.116,-29.871,6.411
flatness538,1521.119,20.131,6.428
flatness539,1521.111,70.129,6.453
flatness540,1521.116,120.134,6.496
flatness541,1521.118,170.124,6.544
flatness542,1521.118,220.125,6.581
flatness543,1521.114,270.129,6.605
flatness544,1521.121,320.13,6.618
flatness545,1521.11,370.131,6.622
flatness546,1521.11,420.132,6.631
flatness547,1521.116,470.129,6.647
flatness548,1521.118,520.129,6.674
flatness549,1571.118,470.129,6.703
flatness550,1571.118,420.131,6.683
flatness551,1571.116,370.129,6.673
flatness552,1571.117,320.13,6.67
flatness553,1571.117,270.129,6.661
flatness554,1571.117,220.129,6.641
flatness555,1571.119,170.128,6.606
flatness556,1571.117,120.131,6.561
flatness557,1571.116,70.132,6.51
flatness558,1571.116,20.129,6.478
flatness559,1571.118,-29.872,6.458
flatness560,1621.118,20.128,6.442
flatness561,1621.11,70.122,6.479
flatness562,1621.112,120.123,6.526
flatness563,1621.122,170.127,6.573
flatness564,1621.119,220.126,6.609
flatness565,1621.114,270.129,6.629
flatness566,1621.115,320.13,6.64
flatness567,1621.118,370.131,6.65
flatness568,1621.117,420.129,6.667
flatness569,1621.117,470.128,6.697
flatness570,1671.121,470.128,6.761
flatness571,1671.125,420.129,6.721
flatness572,1671.117,370.128,6.695
flatness573,1671.119,320.125,6.677
flatness574,1671.123,270.127,6.663
flatness575,1671.117,220.127,6.641
flatness576,1671.121,170.128,6.606
flatness577,1671.117,120.128,6.56
flatness578,1671.117,70.128,6.514
flatness579,1671.123,20.128,6.48
flatness580,1721.123,20.127,6.46
flatness581,1721.126,70.123,6.499
flatness582,1721.111,120.122,6.541
flatness583,1721.118,170.128,6.58
flatness584,1721.122,220.128,6.612
flatness585,1721.115,270.13,6.639
flatness586,1721.119,320.128,6.661
flatness587,1721.116,370.13,6.689
flatness588,1771.118,370.126,6.699
flatness589,1771.117,320.128,6.667
flatness590,1771.116,270.126,6.641
flatness591,1771.119,220.125,6.615
flatness592,1771.118,170.129,6.589
flatness593,1771.116,120.131,6.555
flatness594,1771.117,70.128,6.517
flatness595,1771.122,20.127,6.482
flatness596,1771.124,-29.866,6.455
flatness597,1771.123,-79.876,6.43
flatness598,1821.12,-79.869,6.398
flatness599,1821.126,-29.87,6.431
flatness600,1821.117,20.129,6.465
flatness601,1821.122,70.126,6.505
flatness602,1821.116,120.128,6.548
flatness603,1821.112,170.128,6.583
flatness604,1821.112,220.133,6.609
flatness605,1821.117,270.129,6.637
flatness606,1821.118,320.129,6.67
flatness607,1821.118,370.129,6.709
flatness608,1871.121,370.127,6.729
flatness609,1871.116,320.129,6.681
flatness610,1871.117,270.128,6.638
flatness611,1871.123,220.127,6.604
flatness612,1871.12,170.132,6.576
flatness613,1871.126,120.127,6.547
flatness614,1871.124,70.126,6.51
flatness615,1871.119,20.128,6.474
flatness616,1871.12,-29.868,6.442
flatness617,1921.125,20.126,6.489
flatness618,1921.121,70.13,6.522
flatness619,1921.117,120.128,6.55
flatness620,1921.112,170.129,6.575
flatness621,1921.118,220.128,6.607
flatness622,1921.118,270.128,6.653
flatness623,1921.114,320.129,6.7
flatness624,1971.117,320.128,6.737
flatness625,1971.127,270.126,6.691
flatness626,1971.117,220.133,6.648
flatness627,1971.116,170.125,6.608
flatness628,1971.118,120.127,6.579
flatness629,1971.116,70.128,6.553
flatness630,1971.11,20.125,6.529
flatness631,2021.124,170.127,6.642
flatness632,2021.123,220.128,6.679
flatness633,2021.12,270.126,6.717
